,0,1
0,5.82947,8.486052
1,13.822041,7.0736065
2,-1.2869706,13.235511
3,12.159769,10.590829
4,-1.8507199,12.286427
5,10.295372,8.921989
6,2.8141928,10.968326
7,3.33054,7.774297
8,4.6547184,10.4092865
9,-2.9362512,10.919404
10,-0.016861174,10.48434
11,9.634406,9.911174
12,11.466988,7.978361
13,10.867983,7.581024
14,-0.78101826,11.211149
15,5.9962435,7.872054
16,0.14169365,12.178328
17,-0.89835715,11.783154
18,-2.2807746,11.506695
19,7.3539248,10.498235
20,3.7220197,9.822363
21,9.682193,8.091669
22,6.707727,9.20846
23,9.007003,7.831
24,13.38193,8.492937
25,12.903167,10.245956
26,0.30619353,9.670159
27,9.618053,8.176749
28,9.786132,9.722658
29,-0.18082829,12.057374
30,-0.25433558,11.956018
31,0.91708535,12.534197
32,2.5000737,9.568952
33,1.649308,11.492416
34,10.317814,5.7695584
35,-4.500096,11.281736
36,-1.9011202,13.095158
37,3.9548008,10.492093
38,13.763148,9.329954
39,2.203105,10.259287
40,-1.5893608,10.686195
41,12.149462,6.2916837
42,7.8527064,5.817869
43,9.562177,9.401329
44,-1.4759252,13.034481
45,13.516923,5.38485
46,2.3850698,10.877051
47,-0.36526626,10.845071
48,8.420405,7.0839553
49,-1.4766898,10.888064
50,10.310037,6.4754815
51,12.342151,10.020724
52,3.2861853,10.236884
53,10.800509,11.512299
54,-0.68808335,11.669077
55,0.8703833,9.091142
56,1.6096141,11.349424
57,13.233183,7.341973
58,-2.1812549,11.337088
59,12.507272,5.873059
60,-2.6128864,11.489348
61,12.271819,4.680363
62,12.49651,5.6682987
63,12.963124,6.101881
64,5.9674163,8.073772
65,4.5484953,10.233978
66,6.51994,8.049894
67,9.745113,5.8481083
68,9.298789,9.078142
69,5.5719123,8.614223
70,3.9397404,8.900484
71,2.7255797,9.228268
72,13.190686,11.052077
73,0.2475956,10.426415
74,13.932302,10.748506
75,13.613674,11.306266
76,0.6635135,11.930775
77,-0.4179259,9.856024
78,0.3223196,9.761875
79,11.2810545,5.6345286
80,9.612045,7.851538
81,9.583379,7.8252225
82,12.388607,10.132431
83,1.3976667,8.464868
84,5.7722664,7.760664
85,6.1293774,8.564821
86,1.1312586,10.854522
87,4.3098226,7.7540636
88,-2.4016633,11.96335
89,4.478788,9.214325
90,10.083816,8.0148
91,-1.2447913,10.632078
92,7.897323,8.720785
93,4.51211,9.356312
94,4.745457,7.7412567
95,11.814141,6.964274
96,13.735739,8.162633
97,10.120513,5.736968
98,0.29043156,10.09803
99,-0.51002175,13.113939
100,13.650713,5.982041
101,-4.0690966,11.813521
102,14.039448,7.014013
103,13.798626,7.0650473
104,-0.5784408,8.818936
105,3.792953,8.346272
106,-2.6219952,9.875258
107,3.6212823,8.831063
108,-0.33756202,11.667034
109,13.116992,7.3364577
110,10.023077,6.3220525
111,-3.4452388,11.05813
112,5.8142323,7.344734
113,0.2426891,11.126729
114,8.860414,7.994885
115,6.323243,8.100722
116,-0.77699566,10.611145
117,14.709845,10.656137
118,15.053067,2.5101519
119,10.037683,8.404572
120,3.0195076,10.942023
121,4.352838,10.0316305
122,-1.8989664,9.484109
123,0.22184372,9.717112
124,-0.27569118,9.61788
125,-1.6396488,10.098888
126,1.4221954,8.854843
127,13.912556,5.5714583
128,2.131212,10.635043
129,12.911145,6.9988413
130,2.8603933,10.407265
131,-1.3764858,10.522199
132,13.924002,10.063693
133,-2.9015734,12.040125
134,11.685298,7.868783
135,13.867538,9.7516985
136,-2.263244,9.568629
137,-1.4916406,12.165097
138,1.73104,11.669634
139,13.182035,7.207793
140,-0.21356972,8.987573
141,14.562937,11.67791
142,12.6417055,6.405098
143,11.774368,8.207318
144,12.795403,4.58789
145,-0.55871534,11.038618
146,12.914985,7.780922
147,5.290675,7.455551
148,10.098455,8.393709
149,11.532276,7.3982134
150,2.8374631,8.020139
151,9.661362,7.6593003
152,13.39879,9.189821
153,13.337253,6.963528
154,13.7527275,10.726532
155,9.419441,6.830112
156,6.699241,7.583702
157,3.7842476,7.9974203
158,14.257397,9.47872
159,-0.4182104,9.292068
160,13.828744,10.130918
161,11.889571,8.502129
162,10.1987295,7.4209375
163,14.574931,11.075232
164,7.0627813,9.449024
165,6.0475626,8.151954
166,12.086195,6.6167417
167,6.44805,8.645477
168,-0.79366684,9.809135
169,13.648994,5.4742756
170,12.322812,7.718294
171,0.35069585,9.324768
172,2.85908,8.319324
173,11.968941,8.179915
174,12.6397085,8.453468
175,7.2008767,9.768605
176,5.0577416,7.355456
177,2.8568618,8.618311
178,12.962349,7.425953
179,-1.2867864,12.658737
180,3.2622042,9.06032
181,12.487096,8.391554
182,0.9980833,9.574958
183,14.463696,6.8954782
184,13.835631,8.5289755
185,6.6390796,7.9499187
186,-2.3535814,11.742338
187,11.363942,9.427099
188,7.564369,9.451191
189,9.7997265,8.285788
190,-1.465973,13.181452
191,4.6027856,8.323529
192,13.84714,9.826481
193,12.063203,10.671853
194,13.112897,5.728658
195,2.3431454,9.672609
196,0.32910973,12.197208
197,11.289613,6.469689
198,8.501398,9.343982
199,8.274638,7.5055723
200,5.8950257,9.586229
201,4.0624533,9.860988
202,-0.9795041,11.226199
203,-0.96192944,12.57561
204,-1.6340561,12.8525305
205,13.62628,8.29446
206,4.2449274,10.608088
207,0.61180836,11.354375
208,1.705001,11.090516
209,5.1171813,9.879133
210,-0.12544353,10.125107
211,-0.8041543,10.109216
212,12.329874,8.3918495
213,0.9532347,12.16822
214,12.243551,9.339541
215,12.298532,6.6507697
216,5.177211,9.2593355
217,14.150254,9.622019
218,1.0359606,10.143357
219,0.59417075,10.895114
220,11.386748,9.459369
221,12.371807,8.979106
222,-0.69519687,12.937246
223,12.470698,9.050069
224,11.903642,5.622824
225,2.5015986,10.975099
226,12.197944,10.4311905
227,12.812292,11.06019
228,12.150417,4.4556036
229,8.445838,6.6057634
230,1.5571097,11.044236
231,1.5462223,10.782163
232,12.301862,6.629149
233,-0.064683035,9.978096
234,4.8926144,9.073747
235,14.4052105,11.98807
236,12.7688,5.8966317
237,-2.2572534,11.2537775
238,9.277478,10.658967
239,12.202026,8.6038065
240,2.3517919,9.724061
241,-0.17588581,11.785531
242,4.2222166,8.805131
243,12.1866455,6.381128
244,1.8828101,11.887166
245,13.192908,9.295037
246,13.633085,4.639301
247,12.5061,9.170822
248,5.2379313,8.948668
249,10.639174,6.6819377
250,12.142779,9.904693
251,13.235781,5.161488
252,0.4539505,12.94884
253,-1.5038648,9.803407
254,-0.8342241,10.528705
255,10.841586,8.277177
256,-3.2809627,11.531291
257,9.731838,9.547129
258,-1.4684378,10.51971
259,1.4087408,11.112203
260,10.0246725,8.43238
261,7.3894873,7.7038074
262,-0.55903697,9.344159
263,9.211335,7.8940406
264,1.4714874,8.938626
265,13.293899,5.5381684
266,0.5321726,12.168404
267,9.678029,7.312643
268,13.282419,10.705186
269,-1.6422137,9.998998
270,9.085562,7.1569467
271,2.435664,9.917106
272,1.2272217,8.910625
273,-1.2621375,9.60923
274,11.770945,7.951491
275,10.969696,6.5301905
276,-2.3477557,10.330879
277,11.838771,7.4181676
278,14.141047,9.879223
279,7.3692446,8.124009
280,12.80061,7.1441417
281,12.459992,7.426829
282,-0.35499486,12.227611
283,12.010431,5.9615884
284,10.696931,6.2612967
285,10.130796,8.357039
286,2.5266955,8.761517
287,7.3664894,8.2630625
288,12.54213,6.2978983
289,2.4286244,9.088856
290,14.071777,7.2346272
291,15.067529,2.4960246
292,1.7236083,11.694364
293,-0.009278073,11.006921
294,2.3047678,8.897159
295,0.41426286,9.746326
296,-1.12747,10.863743
297,2.7077942,8.884718
298,-4.1699924,10.892634
299,13.5837345,11.170431
300,14.123112,6.6053233
301,-2.6582985,10.119666
302,1.4982716,9.750307
303,13.856454,9.875776
304,2.0514965,9.77907
305,0.9830014,8.2343855
306,1.9217829,9.003435
307,-4.3290606,11.027257
308,5.8514857,8.185186
309,-0.9334688,9.26648
310,12.60377,9.267858
311,6.9982905,9.351211
312,0.28343126,9.3573265
313,13.064167,7.4748187
314,5.027507,8.079441
315,6.525673,9.887292
316,-2.1604612,12.583421
317,-0.46211067,9.15479
318,0.4610933,9.296345
319,6.961239,8.118374
320,0.9003274,8.870034
321,10.871883,11.386523
322,1.4694264,9.410337
323,2.26943,8.945673
324,13.913728,7.969696
325,10.982636,7.6494794
326,-2.301955,10.902893
327,4.217071,8.095957
328,13.126065,7.8197775
329,-3.5303977,10.78282
330,1.9690936,9.066228
331,9.842505,9.593928
332,6.147372,9.572739
333,9.330422,10.463063
334,12.321304,7.495028
335,-0.2989747,9.279178
336,1.9356922,8.302399
337,-1.6858563,9.301334
338,13.520588,5.5592437
339,14.300843,6.303703
340,13.795379,7.1696525
341,-0.48550305,9.88436
342,10.873724,6.6975565
343,14.059446,10.0457325
344,0.50125784,10.366798
345,13.620577,4.511818
346,14.248742,10.470916
347,13.126148,8.624573
348,14.854204,11.707878
349,14.46526,5.722577
350,7.4659405,10.809739
351,10.525662,7.826008
352,12.300247,7.9067907
353,2.0132065,9.050975
354,5.711081,7.3865356
355,-0.72663367,9.528489
356,11.110585,10.274003
357,14.185846,5.18259
358,0.48814446,9.387421
359,2.127896,9.397469
360,14.563427,6.085768
361,13.169293,6.48213
362,9.326223,7.2131267
363,1.1707858,10.456837
364,9.40064,7.0996714
365,11.380959,7.846638
366,8.782173,8.402132
367,6.5839086,7.4512258
368,9.934959,6.333977
369,3.5165555,10.5482435
370,-0.90036917,10.969105
371,13.022349,6.465884
372,9.339389,6.9044533
373,13.048587,10.352869
374,11.2270155,8.791506
375,6.168993,7.105666
376,4.6986117,7.787907
377,4.953694,9.392019
378,3.624227,9.629118
379,13.7083645,7.1021285
380,13.762563,5.6481333
381,10.089852,6.0739093
382,5.5160766,8.75667
383,-0.29621243,12.627518
384,5.3461947,6.9793935
385,10.839714,5.993414
386,-4.0524125,10.944193
387,11.7129345,7.924508
388,13.856275,4.56931
389,9.697053,8.227685
390,9.098096,7.733572
391,2.1818674,11.278786
392,11.115474,6.5324407
393,-2.9123106,10.745035
394,11.903912,6.721501
395,-1.2503123,10.429775
396,5.656837,7.3325562
397,5.031664,7.842237
398,12.820899,6.0757155
399,3.2593646,10.392194
400,12.516662,7.9610157
401,15.024689,2.2609577
402,13.621535,9.91595
403,9.420709,7.4091287
404,7.2246246,10.334839
405,9.279156,8.404426
406,-0.6979354,9.9324255
407,11.906634,8.699883
408,13.281773,5.914362
409,11.107809,7.602609
410,14.144989,6.8976593
411,0.9491732,9.376147
412,12.527431,6.768683
413,3.4678457,8.476029
414,12.156487,7.1680503
415,9.299813,9.932228
416,14.936927,12.156511
417,14.839499,3.052194
418,9.047492,7.7119646
419,12.534903,6.0178714
420,-2.8592515,11.122862
421,0.72914577,9.207862
422,11.417751,7.834773
423,6.147684,7.670762
424,2.2818785,9.094088
425,3.9278781,7.9538927
426,11.561441,7.514706
427,11.965775,8.881806
428,13.703887,5.981642
429,5.843004,7.837187
430,9.455613,9.67461
431,3.4933217,10.086341
432,11.419601,7.97059
433,0.40458825,9.713282
434,13.104239,9.127163
435,13.890236,5.385173
436,13.998955,7.1351824
437,6.071447,7.2802835
438,6.7761374,8.452009
439,13.005124,10.881089
440,2.8712413,8.735144
441,3.76496,8.022203
442,4.7615337,7.4244156
443,1.5594934,8.619531
444,13.62376,11.088606
445,-3.2603233,11.450113
446,10.691468,8.034785
447,10.054387,6.9209037
448,6.8894672,8.412271
449,-0.36390886,12.892259
450,7.904032,9.525831
451,13.734776,11.912148
452,8.0793295,5.853788
453,12.82157,5.205461
454,12.350621,6.3447804
455,-0.7947033,13.15146
456,0.88009024,10.000385
457,13.811427,10.857317
458,13.916269,10.9914055
459,13.460907,5.3823156
460,-1.4308321,10.903862
461,13.1653385,11.460634
462,8.125956,8.905481
463,12.455582,10.502454
464,10.918657,6.938036
465,14.051615,10.479229
466,4.5719,7.544587
467,3.8448658,10.187997
468,13.137782,7.648536
469,6.79978,8.911436
470,12.820711,6.336269
471,12.190492,10.860887
472,12.441606,5.8997984
473,4.8455834,9.085699
474,6.2833776,8.032585
475,8.802742,8.492738
476,13.91276,11.010418
477,-2.0238822,9.667442
478,11.658241,7.5470376
479,4.422458,8.569156
480,12.96142,9.318874
481,14.586558,7.083694
482,12.66896,10.612059
483,13.554609,11.039688
484,4.056603,8.029405
485,14.676437,11.601782
486,3.245178,8.181359
487,13.37176,7.5268703
488,13.32051,6.2180877
489,14.368549,12.281546
490,-2.2714736,10.111349
491,-1.9537004,9.5655365
492,-1.1084285,9.264711
493,12.841402,6.6035457
494,11.314823,5.9428782
495,4.2858377,9.343417
496,3.2782042,9.072524
497,8.290136,8.024899
498,14.350097,6.8166666
499,6.01839,8.049286
500,11.084489,8.199458
501,14.652537,3.6849287
502,14.521357,10.904747
503,-1.9832493,11.193257
504,1.6479486,8.690063
505,6.7530313,7.292799
506,7.2501593,10.291091
507,-1.3636304,9.489147
508,1.8168314,9.185687
509,13.268427,4.511376
510,13.777528,4.9777527
511,9.924593,8.113726
512,6.2929726,7.303442
513,5.9988594,7.619465
514,14.483415,5.1963477
515,5.3098927,7.2357645
516,1.2817852,8.972614
517,14.971978,11.810608
518,14.097387,6.683998
519,13.157209,5.658915
520,-1.2350324,9.680546
521,12.642581,7.5275416
522,2.77187,8.2608795
523,6.284289,8.25215
524,10.546222,5.6564717
525,8.109396,6.0454936
526,10.222522,9.613188
527,0.48794883,11.293149
528,12.299499,10.031263
529,9.030817,8.725656
530,9.262506,7.2732825
531,12.672784,11.473492
532,9.068107,10.827326
533,7.051202,8.718003
534,14.355261,10.960154
535,12.317259,5.067825
536,1.1763538,11.312429
537,14.520094,10.950789
538,0.37108228,10.64126
539,4.935911,8.680648
540,7.154811,10.528127
541,8.281211,6.1658797
542,1.2022508,9.813662
543,14.476195,5.494914
544,9.849491,7.09453
545,1.1535766,11.813373
546,1.7803955,9.457296
547,-3.8333838,11.275435
548,14.600481,11.184024
549,13.810729,6.1264353
550,14.701024,12.095821
551,5.30138,7.2479115
552,13.895627,6.284688
553,4.0055556,8.803533
554,13.627088,6.543119
555,11.52327,8.602346
556,8.203138,6.81544
557,12.954913,9.6693735
558,9.490928,8.116075
559,12.482409,10.856424
560,11.584079,5.5769415
561,9.142862,10.71025
562,12.4219,7.319386
563,-3.38258,10.497927
564,0.6568409,8.924533
565,2.9332862,8.512764
566,6.0160995,7.255244
567,13.124308,8.451204
568,10.091493,7.8973293
569,5.0900173,7.2213244
570,10.01649,7.9574165
571,6.3036385,7.0910387
572,14.351609,7.161162
573,10.784375,5.654372
574,-1.0643274,9.446526
575,11.808132,9.837592
576,13.347308,8.176955
577,5.8563924,7.2381988
578,8.820138,7.803261
579,14.09809,5.90177
580,12.412105,7.638029
581,-0.26025766,9.6150465
582,4.629866,9.802655
583,11.513746,5.8921804
584,9.705869,7.794086
585,14.118943,9.691344
586,15.117955,11.593385
587,9.601574,8.589197
588,-3.8961792,10.789288
589,14.220459,6.884969
590,8.902444,9.303616
591,9.829755,6.245549
592,6.621651,7.462332
593,14.728811,11.651814
594,9.305177,8.457406
595,11.999847,5.275053
596,14.745889,10.999914
597,4.9309063,7.4048147
598,3.1809905,8.129787
599,9.874403,7.8150115
600,12.055499,5.946463
601,8.642224,6.495139
602,13.228952,8.712939
603,3.2663248,8.307329
604,11.791429,5.6546326
605,13.779356,5.9154916
606,14.009782,4.6484957
607,7.8930793,6.012182
608,11.589906,9.233588
609,0.020787666,11.564874
610,9.254298,8.37269
611,10.746703,8.406779
612,14.722609,3.5929868
613,-4.333489,11.237044
614,7.796742,5.8964734
615,-0.6378278,12.0265
616,5.166722,7.704393
617,5.445738,7.858285
618,-0.8633393,9.139076
619,-3.2593849,11.355369
620,12.299314,5.706728
621,4.107444,10.41456
622,14.527488,12.047685
623,-0.7746611,10.3211
624,10.058298,8.697965
625,4.275229,8.449511
626,12.043654,7.730988
627,9.494983,6.246647
628,9.480867,6.806624
629,9.369113,9.366194
630,9.429867,10.281454
631,5.2383385,7.2658887
632,5.306741,7.2017508
633,3.382571,8.771089
634,13.577564,5.718926
635,13.6051855,6.3364587
636,8.179278,6.4517856
637,12.729488,5.8496356
638,12.434423,5.6085706
639,0.27625555,9.441052
640,11.664084,6.3410025
641,5.82433,7.287457
642,2.1447651,10.043942
643,11.306346,8.047338
644,12.623828,11.08031
645,12.311204,6.4609337
646,15.271461,2.1487038
647,9.206594,10.759062
648,10.313262,8.960421
649,12.792427,7.056307
650,0.10279579,9.489922
651,15.181154,2.4141767
652,9.863096,7.850406
653,14.093634,6.060798
654,-0.9252464,9.655901
655,-2.9801435,10.958653
656,14.717575,10.310615
657,12.549402,7.5068045
658,8.939649,7.6138034
659,14.130109,10.251131
660,13.10278,5.1870584
661,11.355916,5.6845794
662,14.280568,9.756215
663,2.404306,8.2523575
664,12.855803,7.2202187
665,8.507331,8.550662
666,9.376541,5.7111697
667,-1.2084706,9.32655
668,-2.5660834,10.962575
669,-0.94825584,9.460521
670,3.6599762,8.244181
671,11.416232,5.339877
672,10.299933,7.7889924
673,0.6627192,9.081783
674,1.2392999,9.81697
675,14.862964,12.090405
676,5.0689707,7.5012274
677,11.722639,8.2401905
678,14.17679,5.3836937
679,2.2718093,9.130923
680,1.3328233,8.572032
681,-3.1204967,10.681957
682,1.323294,9.411368
683,-1.3813204,9.721933
684,9.614856,7.651621
685,0.25083145,9.598006
686,11.994633,7.2978625
687,11.733311,7.1278567
688,-0.3281288,10.04548
689,7.6510816,8.319866
690,9.201057,9.885889
691,12.390677,8.315562
692,14.015802,6.93253
693,12.6328745,5.3372483
694,14.117603,4.551206
695,11.336279,7.288136
696,10.578102,7.3887553
697,13.704271,10.298934
698,12.857575,5.4792905
699,6.055894,7.2907696
700,13.391409,8.212039
701,6.358392,9.032328
702,13.198549,6.533086
703,-3.3370652,12.116393
704,1.2637781,12.519433
705,12.636918,4.363337
706,14.202029,4.931179
707,13.767148,11.918401
708,-1.1047066,10.851491
709,10.263171,8.504099
710,-0.0010103353,11.691695
711,13.373712,7.6502633
712,-0.11626425,12.032967
713,4.333885,8.498149
714,0.012571908,10.664893
715,8.395085,6.0121922
716,13.135508,9.962347
717,9.821375,9.133793
718,7.3997326,8.26533
719,-3.1125307,12.320241
720,7.3170805,10.662977
721,13.260131,6.6589236
722,12.546889,5.8178773
723,9.222858,7.6459513
724,2.588262,10.391591
725,11.286311,8.689628
726,-2.7411985,11.801733
727,1.9494821,11.280542
728,9.206065,7.730308
729,2.017414,10.198797
730,-0.035361577,10.772944
731,2.183493,9.610367
732,13.503228,6.616048
733,-0.54598325,11.44428
734,-1.6709329,11.695795
735,12.200008,9.489523
736,13.744399,9.87429
737,7.2654285,8.008382
738,14.706684,11.620955
739,13.368118,11.532568
740,10.1339655,5.917405
741,-0.7209056,11.685048
742,13.055048,7.241985
743,6.1545067,9.969479
744,12.025028,8.288306
745,14.534509,7.9109135
746,14.044447,9.774432
747,1.9359969,10.004645
748,11.049028,8.3178425
749,14.837124,10.387001
750,3.03571,8.415726
751,-1.8333759,11.377174
752,13.034927,4.957684
753,13.587407,5.206331
754,10.538059,7.12796
755,3.5779212,8.879702
756,9.967393,8.1132965
757,6.815231,8.586051
758,14.375943,9.802203
759,4.991547,8.062561
760,14.747401,10.902262
761,12.7459,10.14803
762,8.982942,9.423596
763,4.5619802,8.883355
764,14.365397,4.476318
765,12.03495,9.216623
766,14.896822,10.273067
767,12.89979,7.384357
768,13.105395,6.356307
769,-2.0663517,10.1695175
770,5.1523933,8.307821
771,5.6229124,7.7370086
772,10.579253,6.7400584
773,12.93043,7.488402
774,14.1957,10.317175
775,-2.579174,11.949961
776,-3.104324,11.621365
777,0.99415386,9.04449
778,-0.10290796,10.246586
779,3.2348423,9.063754
780,-3.394483,11.065249
781,10.979492,5.82911
782,13.459062,6.7904215
783,13.162492,7.3825216
784,14.378245,12.041135
785,-2.5064611,10.973705
786,2.746796,10.390934
787,11.315482,8.87089
788,12.989323,7.837562
789,12.798707,9.106897
790,13.25576,4.364221
791,12.404083,11.165526
792,-3.8245344,11.765259
793,7.5101604,10.812883
794,13.479839,10.945911
795,13.89325,6.927719
796,9.963407,8.1710615
797,9.540229,8.601129
798,2.2865496,10.426581
799,12.776905,8.648129
800,3.8546126,7.345126
801,15.0847645,2.1301262
802,-1.952536,11.177352
803,11.667384,8.296955
804,11.101302,8.172433
805,6.7174573,10.280462
806,9.920753,8.744489
807,4.0349607,9.596938
808,11.972711,6.8304114
809,1.3764979,9.526819
810,9.926344,6.5526986
811,13.11335,7.91936
812,11.204934,6.2336397
813,0.03458268,12.947398
814,-2.7917907,10.57525
815,14.763025,10.224187
816,-3.0318403,10.155723
817,3.540635,8.70792
818,-2.223819,10.893294
819,3.920089,8.201928
820,10.148305,5.2863717
821,11.844727,5.488357
822,11.807962,6.420744
823,7.029772,8.546935
824,14.723467,10.585912
825,11.184195,6.0566497
826,5.646595,7.3306313
827,-0.042038254,11.075854
828,10.813934,6.674979
829,5.530987,8.938841
830,-1.3407259,10.01697
831,12.513314,8.323904
832,14.8404,10.015955
833,-2.4389737,10.423113
834,9.8827,8.328453
835,11.4236,9.542902
836,3.7951021,9.097191
837,-3.6445372,11.042296
838,-0.2649506,9.387437
839,-2.5188687,9.789048
840,6.819918,9.452378
841,-2.4070249,10.564588
842,-0.05584857,11.69307
843,14.508271,5.957438
844,10.120623,9.786288
845,3.1474562,8.158358
846,13.038735,6.908604
847,5.6579633,8.354998
848,1.5734649,9.603304
849,1.6674638,10.111732
850,12.776569,5.1024966
851,7.521045,10.97165
852,5.9007607,7.424849
853,0.82684773,8.807686
854,4.2460456,8.9644785
855,14.776245,3.3660786
856,-0.665852,10.399215
857,13.552677,9.032577
858,-0.5711397,9.547914
859,-1.5024936,10.461109
860,13.364888,9.695746
861,13.473242,9.692286
862,10.4832735,8.45601
863,13.866599,6.441778
864,14.056611,7.6034794
865,14.414466,5.940129
866,3.3882935,8.382417
867,5.2925057,8.149273
868,2.5383348,9.809108
869,-0.16455516,11.311215
870,6.5152087,7.963841
871,-4.0092826,11.447151
872,13.759632,7.258517
873,-1.2616367,10.451911
874,13.247391,10.641699
875,12.226845,8.230554
876,3.1215184,9.400919
877,12.1025915,8.124198
878,5.2752404,9.125257
879,9.630923,8.598392
880,-0.858078,13.531785
881,4.2951703,8.644042
882,-2.9611266,11.743299
883,1.8200791,11.341831
884,12.018815,5.626102
885,9.599863,7.101265
886,5.997723,8.272942
887,13.490251,7.553125
888,10.242022,8.533562
889,11.832628,5.789933
890,8.108205,6.146189
891,10.744603,7.228685
892,8.651186,8.852667
893,3.290461,9.004554
894,14.8239975,10.995279
895,13.386716,7.212674
896,12.719385,10.565662
897,-0.4234166,11.2256
898,0.1453581,11.497839
899,10.490857,8.946731
900,3.787138,8.839833
901,2.383414,8.769124
902,-0.56038046,12.187908
903,14.158321,11.160592
904,8.244432,8.936814
905,9.4630575,7.148045
906,6.2168407,7.258656
907,5.6298018,7.970216
908,14.048406,10.847545
909,5.670973,8.994706
910,11.145493,7.648331
911,9.4832535,10.125175
912,13.3725195,7.774187
913,-1.1886454,11.826435
914,14.605769,10.41962
915,10.43642,7.697047
916,14.121383,5.387547
917,-2.2116861,12.840846
918,11.796493,7.753129
919,14.487921,11.199879
920,-2.2615633,10.909363
921,10.955057,11.254665
922,6.0162535,8.632443
923,5.271849,7.817087
924,1.5699853,9.7822695
925,14.463988,7.9943056
926,-1.4674792,10.038968
927,0.5720323,8.900211
928,11.794707,6.776434
929,5.0260878,7.316348
930,13.960786,6.949185
931,9.57022,9.953417
932,10.732126,6.839454
933,0.84689707,9.281773
934,0.2663442,8.844883
935,-1.2704141,10.094205
936,12.900603,5.6973248
937,13.752449,9.880515
938,10.554109,8.309561
939,-3.3762653,11.74491
940,14.988598,2.6184757
941,-3.6486645,11.037307
942,10.545321,8.034744
943,0.51613843,10.280697
944,-0.5834045,10.827991
945,14.81434,10.537824
946,13.853677,10.798599
947,4.4680495,7.9256067
948,-4.065313,11.548309
949,10.576353,8.723157
950,13.198203,10.049396
951,-1.0785196,10.792274
952,6.7218776,8.1900835
953,2.2652678,8.448661
954,13.683219,4.642763
955,-1.5421387,9.8298235
956,3.8485432,9.821923
957,1.4143395,10.000699
958,-4.4405274,11.110349
959,5.531897,7.237433
960,13.024348,9.900169
961,7.7761292,6.112248
962,9.769999,6.025288
963,-1.8675222,10.093834
964,1.3874329,9.053066
965,6.566483,7.4446063
966,3.3500624,10.247784
967,14.902114,2.708147
968,0.092144564,11.361514
969,13.091782,6.214601
970,-1.4640437,11.304744
971,-2.5472052,11.79089
972,5.6036954,8.473191
973,-2.9800172,12.000144
974,5.494182,8.1033
975,2.6967518,8.41343
976,0.1366923,11.875026
977,0.32012802,11.229478
978,10.6150255,7.741568
979,0.81275934,12.598791
980,13.227061,10.848454
981,13.8348465,8.09381
982,0.3082536,9.104263
983,13.9004345,7.3586164
984,-0.8453466,10.00551
985,-1.1856555,11.374783
986,14.465203,10.706032
987,11.769596,6.151388
988,11.27591,7.168024
989,3.3930607,8.748348
990,14.225615,9.389675
991,14.227111,7.1177387
992,14.363115,9.233119
993,6.742443,10.404583
994,5.6660852,7.6872764
995,7.266797,7.9083343
996,13.250003,6.8974385
997,10.473245,5.501318
998,0.82141477,9.416917
999,3.8421261,8.464781
1000,0.40280503,9.321353
1001,10.400187,7.5510178
1002,11.985518,7.38715
1003,-0.0055351835,11.887473
1004,0.8363783,8.853197
1005,-2.0918374,9.770926
1006,12.552664,9.50915
1007,-0.78948,9.096645
1008,3.644377,8.814975
1009,-0.5183433,11.554548
1010,13.565365,9.6964245
1011,11.525631,5.9788766
1012,4.122235,7.736737
1013,8.167206,8.976461
1014,15.132375,10.082514
1015,13.546549,7.4263754
1016,13.760683,9.0389385
1017,11.357142,5.3743305
1018,-0.8769282,10.37084
1019,12.729953,7.1959925
1020,11.692253,7.776656
1021,8.225944,8.201081
1022,8.747611,7.5475483
1023,6.3552976,8.321779
1024,-0.9226111,10.696598
1025,2.7025669,9.440846
1026,0.25490364,9.926355
1027,14.27745,9.321714
1028,2.2685459,8.675263
1029,-2.040893,9.464237
1030,1.5639465,10.451389
1031,-1.5260222,9.975111
1032,12.955298,7.143238
1033,13.814418,6.5457726
1034,7.3968177,10.501557
1035,0.88955694,8.936973
1036,5.8635287,8.334202
1037,5.799928,8.816376
1038,14.101388,10.203783
1039,-0.62924224,9.792901
1040,10.838863,5.620854
1041,0.73617625,10.557209
1042,1.8852499,8.422293
1043,13.9568405,8.845793
1044,4.586748,8.516414
1045,14.165407,6.7245173
1046,7.3218756,8.445264
1047,-1.7029483,10.362926
1048,11.447021,6.375598
1049,-3.337977,10.5531645
1050,11.642599,7.0526395
1051,-0.49905762,9.286858
1052,13.119506,10.0028
1053,1.6765193,9.006605
1054,2.2928276,9.82081
1055,6.888485,9.05762
1056,4.309715,7.8137026
1057,13.188999,7.8615284
1058,-2.8641467,12.180799
1059,2.2576377,9.917087
1060,8.096299,9.239268
1061,2.0908766,10.2040205
1062,12.7767935,4.3890557
1063,2.173132,10.71217
1064,1.2564205,10.205653
1065,4.939341,10.251799
1066,4.047265,10.629868
1067,1.41362,12.04225
1068,1.0142466,11.661007
1069,0.09911873,12.965495
1070,13.464089,11.887897
1071,5.6282096,7.0124583
1072,-1.652619,13.491799
1073,12.453239,11.309
1074,9.575442,5.5953317
1075,9.40039,9.536339
1076,-1.6785986,12.702683
1077,0.0053007845,12.500808
1078,11.924698,5.0216002
1079,9.728467,9.04685
1080,9.041737,9.590391
1081,13.335698,10.506015
1082,13.488089,11.823528
1083,-2.0169961,11.166854
1084,13.684629,6.6392546
1085,-1.1156907,10.720739
1086,-1.2919929,12.93332
1087,12.660193,5.3611627
1088,13.329921,6.2855515
1089,7.400258,10.893883
1090,14.865735,12.251873
1091,8.116694,7.5267377
1092,-1.04994,10.3932905
1093,-1.9242628,11.095287
1094,0.29503122,12.719459
1095,6.0480585,8.794293
1096,13.141667,11.520665
1097,12.907709,4.986961
1098,1.7909482,8.532739
1099,11.737246,7.881504
1100,-0.9628189,10.539159
1101,12.188167,5.5645704
1102,12.953227,5.4809704
1103,12.496431,4.5248632
1104,10.577967,8.006479
1105,-1.1248531,12.130857
1106,-2.7318137,10.923455
1107,13.194957,5.919227
1108,3.8102183,7.6766624
1109,7.6096864,7.8919673
1110,6.4232807,7.448751
1111,10.634178,7.2961974
1112,1.8829242,11.359166
1113,4.053341,9.28471
1114,11.361029,7.5580344
1115,3.457844,7.30463
1116,-0.7404681,9.509032
1117,6.6187115,10.005319
1118,6.610089,8.817329
1119,14.646992,11.221047
1120,1.7069124,9.768443
1121,14.292775,6.1399484
1122,2.0457299,9.140851
1123,13.68538,7.3136015
1124,6.274208,10.055663
1125,6.6229563,8.948102
1126,7.9378266,5.747957
1127,12.519592,9.328997
1128,6.443998,7.061748
1129,11.396844,5.3381615
1130,5.850498,9.597536
1131,11.846844,5.656369
1132,0.6190544,11.939778
1133,12.408678,7.163811
1134,-1.6462827,12.490352
1135,1.2879531,9.286865
1136,14.780502,3.529663
1137,14.362059,12.198185
1138,-0.20506382,12.512874
1139,15.114811,2.262546
1140,0.3342433,11.679163
1141,-0.65561736,12.749629
1142,-1.6231117,12.616114
1143,5.218403,8.948776
1144,12.309534,10.55311
1145,9.1665,10.521357
1146,14.09792,5.9752884
1147,-1.2177894,13.066484
1148,9.646048,5.8453274
1149,6.1123934,8.571087
1150,6.462757,7.3776956
1151,12.081613,9.496616
1152,11.030964,6.983501
1153,1.4263996,12.102769
1154,11.075204,7.4140453
1155,13.767485,6.252004
1156,0.29521486,9.990447
1157,-2.765476,10.647106
1158,0.79941005,12.1303425
1159,13.4287815,5.8616505
1160,2.374675,10.562398
1161,-1.2260628,9.8630905
1162,10.518366,5.829526
1163,12.579455,5.8196487
1164,3.8798687,9.578381
1165,5.1867223,7.5726933
1166,12.520133,5.862732
1167,-2.2623756,11.075097
1168,-0.6528665,10.031012
1169,12.479941,7.3823314
1170,-1.0110056,12.252529
1171,-1.632744,10.053462
1172,6.638263,7.678483
1173,11.638268,4.8035235
1174,12.253871,6.2556324
1175,-0.66823846,11.182335
1176,3.1729536,8.08165
1177,10.519874,10.064943
1178,2.4816415,8.09694
1179,12.899497,10.472297
1180,0.76045525,12.325302
1181,10.181542,6.6864085
1182,2.227617,9.887198
1183,9.519507,9.30777
1184,3.951597,8.366674
1185,-1.2288828,10.204535
1186,6.6798053,7.379927
1187,4.3015285,7.5298557
1188,14.234931,10.652091
1189,12.616467,11.307414
1190,10.782426,9.82289
1191,0.8191496,9.134088
1192,12.780206,9.999442
1193,-1.0658957,9.6168785
1194,-1.645543,10.636901
1195,2.9216924,9.345212
1196,-0.2133275,9.787683
1197,0.4276719,9.895571
1198,11.365203,7.1300406
1199,-2.2609992,11.167115
1200,3.4056442,10.845113
1201,2.1097627,10.465192
1202,13.981806,11.776044
1203,9.768982,6.5880075
1204,13.270339,7.0028896
1205,-4.142862,11.035065
1206,-2.2259,9.701537
1207,-1.0125711,12.457982
1208,13.537116,10.400213
1209,7.1910825,7.3045936
1210,0.78914106,9.625886
1211,6.6048884,8.579722
1212,3.0777073,9.03853
1213,0.9883285,9.384704
1214,10.814904,6.281714
1215,13.354115,7.800022
1216,12.977966,7.4515853
1217,-1.489611,11.08865
1218,12.105233,9.189246
1219,4.141185,9.358633
1220,9.598589,9.338714
1221,-0.3983809,10.841626
1222,7.990859,5.917354
1223,4.841171,9.884738
1224,11.5462055,8.617922
1225,5.3975554,7.9122043
1226,9.29395,10.613096
1227,3.430243,9.873538
1228,6.1456537,7.7459188
1229,9.414269,7.5019317
1230,1.9739028,10.935688
1231,13.264403,6.322692
1232,4.548326,10.390762
1233,11.810042,10.427675
1234,13.778823,6.8477483
1235,12.89049,5.465439
1236,-0.52857393,11.2664
1237,14.49992,10.177285
1238,6.2606473,8.090155
1239,-1.2481529,13.413848
1240,11.657667,8.461593
1241,-1.3530843,13.044804
1242,12.41815,8.370938
1243,13.139244,4.654446
1244,6.478527,10.517995
1245,13.97992,9.95716
1246,11.340938,9.580094
1247,9.228427,10.514058
1248,-1.8889197,13.302083
1249,2.4009109,9.000177
1250,10.121515,6.5550995
1251,14.298722,10.431619
1252,0.22933021,9.305839
1253,11.823228,8.582106
1254,4.724803,8.211131
1255,13.508045,5.442126
1256,12.285337,5.070371
1257,2.9114523,9.206242
1258,8.498955,8.644686
1259,5.6455913,7.6574187
1260,0.7432204,8.767685
1261,-0.31100878,9.16456
1262,-1.7823539,10.836488
1263,12.333612,8.909332
1264,5.4740567,8.432118
1265,7.3220096,10.666067
1266,13.695734,6.3852344
1267,-0.3501242,9.125091
1268,-0.27543172,10.003734
1269,11.205117,8.640923
1270,11.090681,7.8320966
1271,4.9631963,10.084132
1272,-1.523266,13.058713
1273,11.557013,6.6877284
1274,13.852393,5.55724
1275,3.4005036,9.137048
1276,-0.29396635,9.767619
1277,10.865639,11.349826
1278,12.964792,10.878772
1279,2.9513273,9.998903
1280,4.9927526,7.0957313
1281,-2.253167,10.685066
1282,13.848985,4.653949
1283,14.355276,5.225395
1284,4.8590775,7.2472253
1285,2.6607754,10.1131115
1286,1.2497957,10.20745
1287,11.99444,5.410018
1288,4.9234385,8.174658
1289,4.5894976,7.3423553
1290,1.2338965,9.295624
1291,9.244466,6.493709
1292,14.431156,11.716503
1293,-0.26584136,11.275345
1294,12.274828,9.260378
1295,-0.78924847,12.737462
1296,0.7476047,9.950143
1297,9.909157,7.300044
1298,13.697678,10.62902
1299,6.756071,8.145989
1300,4.350356,9.449401
1301,12.762296,9.204695
1302,2.6217103,10.247166
1303,10.017831,6.9981484
1304,5.6199703,8.135563
1305,13.59886,5.8881087
1306,7.5550756,6.350981
1307,-0.8540368,12.233186
1308,13.312142,10.081621
1309,-0.9968636,13.066837
1310,3.7876577,10.028562
1311,-4.1549854,11.692416
1312,-0.9388526,13.172479
1313,-1.627036,12.944311
1314,-0.12955001,12.1056595
1315,3.6740978,9.393121
1316,12.181037,5.1683383
1317,0.2604076,11.569135
1318,1.8895633,10.7597685
1319,13.817479,8.970823
1320,11.644004,7.8009176
1321,11.246661,7.979972
1322,0.20640326,11.635946
1323,1.0248976,10.10892
1324,5.4985557,8.041985
1325,10.322583,8.004989
1326,14.917361,2.423926
1327,-0.3341214,12.950864
1328,10.495867,8.727033
1329,0.54106176,9.718028
1330,11.892412,6.0658116
1331,-0.98344886,11.290513
1332,0.89095104,11.57865
1333,9.498417,6.6057878
1334,14.098935,12.070155
1335,11.783343,9.345332
1336,14.035109,10.565556
1337,8.942866,8.860682
1338,1.0884166,8.649191
1339,-1.0299273,10.767831
1340,4.478367,8.743009
1341,-1.1273912,12.636294
1342,14.047717,6.1139884
1343,11.716818,7.6851635
1344,13.407736,9.684748
1345,9.825043,8.703124
1346,14.337549,4.7029057
1347,3.0790687,10.429803
1348,5.9093637,8.780546
1349,12.533157,4.7577205
1350,-3.2019396,10.480372
1351,11.067832,7.0780044
1352,14.202938,4.7817664
1353,14.492992,6.7074366
1354,-0.32680437,11.050103
1355,13.460786,10.606443
1356,13.677072,6.100998
1357,10.156895,6.869761
1358,9.995377,8.283449
1359,13.583292,9.444366
1360,7.3467007,10.5648365
1361,12.210831,6.7933855
1362,3.3207505,9.568178
1363,4.2639914,8.043962
1364,11.433837,6.6226683
1365,-0.112643056,9.878992
1366,4.3083262,9.167105
1367,1.5950913,11.545424
1368,11.859223,7.8424163
1369,5.3013697,9.185643
1370,6.205742,8.361503
1371,14.092321,6.1447062
1372,4.363373,7.4254932
1373,13.955485,4.4621816
1374,-1.1105846,9.914617
1375,13.761165,10.19123
1376,6.13261,7.325282
1377,11.865115,8.36422
1378,7.439679,10.437811
1379,0.093581475,9.633343
1380,0.1896451,12.122723
1381,-0.11038897,10.530578
1382,13.125464,5.36336
1383,7.4210715,7.9869747
1384,8.358783,6.2219024
1385,6.969393,9.608399
1386,9.015342,8.506424
1387,12.551032,6.0897813
1388,-1.8364756,10.367009
1389,-2.334575,11.106948
1390,-0.28074652,12.474714
1391,0.78636855,12.647158
1392,4.176922,9.204247
1393,5.5572357,8.070769
1394,8.547139,8.021095
1395,3.3724604,7.496156
1396,-2.3869092,12.237687
1397,10.029903,7.395366
1398,11.933736,4.3697
1399,13.819435,7.7976713
1400,4.6900954,9.355404
1401,11.198949,6.674418
1402,-0.032602977,12.118742
1403,13.600242,11.699698
1404,12.711121,6.899149
1405,1.7760096,10.409557
1406,5.3049636,8.237939
1407,12.595569,5.091249
1408,2.4453387,10.184826
1409,12.985584,7.2902
1410,-0.38689387,11.530658
1411,12.92988,9.36484
1412,8.222427,9.543802
1413,-0.15268622,12.559949
1414,10.391924,7.146094
1415,11.671159,6.80934
1416,0.47938168,10.931213
1417,-2.3141432,12.430243
1418,10.080551,8.198065
1419,11.669383,6.779003
1420,5.824521,8.366631
1421,14.273468,8.14171
1422,12.457032,6.128925
1423,-2.0632637,13.194875
1424,-0.73780024,11.837536
1425,-1.499173,12.339133
1426,12.248258,5.8578134
1427,13.049859,10.771517
1428,6.3939734,10.401202
1429,-1.954879,12.757751
1430,13.235613,5.344693
1431,13.888683,7.3573136
1432,12.74421,7.697768
1433,9.59859,8.079375
1434,12.649908,5.585525
1435,10.732145,9.499554
1436,-1.6378235,10.412964
1437,5.205828,7.262221
1438,-2.25399,12.33363
1439,13.961473,10.620174
1440,10.135089,5.9990773
1441,4.101105,9.168201
1442,-2.5329804,11.624702
1443,13.08856,8.472656
1444,10.737988,8.211904
1445,14.059497,10.544737
1446,2.2835472,10.428081
1447,10.141563,9.278065
1448,-0.990627,10.694745
1449,10.945065,6.305951
1450,11.949618,6.3156233
1451,6.0634995,8.210465
1452,3.3857002,9.435464
1453,2.607696,10.380327
1454,-0.73911804,9.176919
1455,8.040338,6.0870233
1456,11.737673,9.048697
1457,6.5500665,7.545647
1458,-0.6219439,11.840775
1459,14.070384,11.380915
1460,2.369033,10.544895
1461,4.688515,8.019796
1462,10.60372,7.721888
1463,1.6732296,10.348208
1464,-1.3493844,11.79418
1465,0.31828856,11.122153
1466,13.426344,9.511004
1467,-3.7396905,11.781963
1468,12.737182,11.64631
1469,11.846749,6.3014965
1470,13.529616,8.940075
1471,-0.8390155,9.670891
1472,3.3274467,9.282514
1473,8.020749,8.448739
1474,8.997102,9.576207
1475,12.524241,8.157014
1476,2.5905225,9.821399
1477,14.361844,9.56558
1478,3.0956676,10.335413
1479,12.726607,5.229282
1480,-1.7061654,12.400309
1481,12.822258,6.2014422
1482,2.8894022,10.679727
1483,13.625842,7.462848
1484,7.0458746,8.193001
1485,-1.3255302,9.290872
1486,9.672379,6.0764594
1487,3.0493875,10.432448
1488,2.8485196,10.953453
1489,0.09355545,10.893435
1490,12.486616,7.04085
1491,-0.8392428,9.253622
1492,10.638326,6.311181
1493,14.7312355,11.675293
1494,4.360887,9.088704
1495,11.936213,6.3556685
1496,13.690161,9.760543
1497,1.1228445,10.678756
1498,11.290309,6.0342174
1499,14.064585,8.248149
1500,6.3285127,8.631716
1501,14.702283,3.5091686
1502,14.076965,10.279334
1503,-0.17021963,9.620395
1504,12.368714,6.4171786
1505,6.492619,7.879736
1506,13.668347,5.2712035
1507,12.7855625,6.077295
1508,0.9954026,8.847805
1509,4.4646335,10.25057
1510,12.365022,7.149155
1511,1.6848551,8.654053
1512,14.97082,11.648368
1513,2.8390334,8.5686245
1514,3.9278324,9.449766
1515,10.862665,11.42804
1516,12.083978,6.956285
1517,12.208726,7.3272047
1518,13.01896,5.395044
1519,14.208625,11.087447
1520,2.6304982,7.569734
1521,-0.9973928,12.781427
1522,10.638229,5.7570257
1523,3.0163872,7.3878827
1524,-0.9603028,11.517081
1525,14.371512,7.9161706
1526,9.40994,9.474064
1527,4.862483,9.902757
1528,3.4996893,7.3227468
1529,3.871174,7.14474
1530,13.525852,9.506667
1531,13.512251,6.5328383
1532,1.0971466,10.963136
1533,-0.09939694,11.170811
1534,11.85401,6.3195143
1535,8.672351,7.406636
1536,8.794529,9.312598
1537,-0.036085796,11.718799
1538,2.836541,9.385832
1539,7.4131947,9.156386
1540,14.223476,11.145494
1541,13.602336,10.29662
1542,-0.54945934,9.404753
1543,-1.2841798,11.4666395
1544,14.621204,11.175858
1545,5.342672,7.860023
1546,10.988075,7.9300556
1547,12.162827,8.05385
1548,9.938035,9.013316
1549,2.7281413,8.5267
1550,0.8764836,10.229348
1551,-0.10143125,11.847074
1552,-0.13010754,12.211148
1553,-2.5920906,11.298958
1554,10.94989,11.253557
1555,12.710265,6.7869687
1556,0.1380652,11.903671
1557,12.121809,7.494019
1558,12.20971,9.584522
1559,7.793901,9.30662
1560,13.027342,7.584268
1561,0.5279221,11.414956
1562,-1.4217606,13.709474
1563,12.630931,6.1908402
1564,5.402589,8.123036
1565,5.423073,8.05675
1566,9.642698,9.284991
1567,0.5181727,11.22427
1568,13.816749,8.33357
1569,12.773146,9.857375
1570,0.21631928,11.763339
1571,14.024475,8.053073
1572,-2.2044616,10.419658
1573,-0.03504417,12.1171875
1574,-2.8600116,11.379085
1575,14.340483,10.760352
1576,5.149919,7.8020587
1577,-1.7016609,10.474598
1578,9.593683,7.7156234
1579,6.878319,7.899658
1580,3.6584678,7.7043405
1581,4.1458206,8.171092
1582,10.071149,8.636362
1583,5.2921214,7.9135437
1584,5.545766,7.1068516
1585,0.4643157,11.894568
1586,6.125151,7.6157775
1587,1.250448,9.387329
1588,2.1120481,9.334638
1589,-1.7367321,9.55686
1590,13.215835,4.6479015
1591,14.171472,8.117571
1592,3.0953753,9.547079
1593,5.26768,8.626977
1594,10.992398,8.630005
1595,14.717195,3.3148637
1596,0.7428857,11.8537655
1597,2.8633356,10.820528
1598,-2.0563636,12.4219475
1599,13.669267,10.450385
1600,3.4642692,9.972836
1601,10.389882,7.148067
1602,13.446088,8.126315
1603,8.27884,9.562534
1604,8.634019,7.5621257
1605,12.473027,6.8566575
1606,13.981265,8.18692
1607,7.0841727,8.806531
1608,3.2067177,7.5935144
1609,12.999136,9.279703
1610,13.690278,8.083749
1611,-2.331722,12.591841
1612,14.411352,10.404179
1613,13.982661,8.88152
1614,1.5643617,10.383277
1615,0.6825393,9.902896
1616,7.004042,9.845193
1617,13.493898,8.846021
1618,12.849781,8.921841
1619,2.1777587,9.993012
1620,3.1107547,10.369033
1621,3.2559776,7.250946
1622,-1.6000612,9.928829
1623,8.945396,8.254316
1624,5.065723,8.757231
1625,10.516024,5.3689885
1626,12.420712,10.567289
1627,12.541264,6.031433
1628,10.705788,7.696951
1629,-1.1779585,12.147329
1630,7.0517273,8.569197
1631,-2.5519145,11.85217
1632,12.632522,4.8333697
1633,-0.17484279,9.221862
1634,9.989936,5.627253
1635,-2.8636804,11.557812
1636,-0.41842267,11.3024
1637,-1.4257132,10.484244
1638,9.046718,9.478027
1639,13.063331,6.4412007
1640,-4.0645633,11.783353
1641,12.193509,7.9995704
1642,10.12081,9.129192
1643,-2.4168277,12.311918
1644,12.394386,9.847001
1645,14.002391,10.519249
1646,14.332279,6.0909038
1647,7.2301183,8.602854
1648,14.153537,7.5630126
1649,14.257597,10.5270815
1650,-2.0915637,10.812387
1651,7.176465,10.115758
1652,1.42121,10.439597
1653,4.349701,9.337178
1654,8.218016,5.942037
1655,13.713882,8.853724
1656,11.445396,7.9596305
1657,2.2589884,9.095105
1658,11.730851,8.643834
1659,0.9026686,9.268735
1660,3.8916662,8.447784
1661,14.628531,10.503671
1662,-1.571124,13.679252
1663,11.929555,10.234053
1664,5.920076,7.7083454
1665,6.663654,7.130795
1666,10.212732,6.335272
1667,12.295817,6.167483
1668,-0.7728505,13.0866995
1669,2.195762,10.53901
1670,12.186486,6.0296893
1671,13.3664055,8.915976
1672,14.922703,2.787188
1673,9.298388,10.455108
1674,1.9334505,9.884447
1675,3.4482539,10.580119
1676,-1.5126324,13.328245
1677,-0.997958,13.054053
1678,6.720264,7.2155647
1679,6.770748,9.869556
1680,4.853473,8.642381
1681,10.068627,6.6736236
1682,13.651851,11.731009
1683,0.5052287,12.219891
1684,12.944527,4.4300947
1685,0.8910576,11.922109
1686,-0.61152565,12.589147
1687,14.973908,2.4255998
1688,4.0842147,9.3555355
1689,12.651403,5.0206757
1690,13.329742,6.2328644
1691,-1.2756958,13.675675
1692,10.467744,5.5959253
1693,4.7668605,9.575744
1694,-0.7866196,9.535349
1695,13.354847,11.330868
1696,13.7634945,10.764112
1697,6.8019547,8.183412
1698,-0.45291638,12.849123
1699,9.429956,9.009532
1700,-0.77824104,13.557867
1701,11.516639,6.66053
1702,6.5163665,8.539394
1703,2.5007548,9.24328
1704,10.140687,6.152412
1705,10.012871,7.1308155
1706,-0.3075368,12.5799
1707,5.6561747,7.6189847
1708,-2.1384263,12.160364
1709,1.8224087,10.085231
1710,5.816197,8.257423
1711,11.086275,6.102103
1712,3.7789543,9.4661
1713,13.00897,8.833949
1714,6.271745,8.933204
1715,10.003629,5.7643056
1716,2.193927,11.717757
1717,-0.21796584,11.801864
1718,1.284846,11.988887
1719,4.8202467,8.104142
1720,-3.032694,10.999951
1721,13.392417,10.737037
1722,-0.4496147,10.196523
1723,1.2071656,12.380203
1724,4.097511,9.476463
1725,5.3391037,8.389186
1726,6.1331177,8.481004
1727,1.674375,10.281147
1728,13.800107,11.110415
1729,-1.108465,11.282424
1730,10.80527,5.5201616
1731,9.793836,6.6767263
1732,-0.11786692,12.671525
1733,-0.245851,13.225235
1734,9.490244,8.833083
1735,4.302094,8.260552
1736,9.828376,8.580467
1737,12.28643,9.894767
1738,6.359607,8.969119
1739,10.595747,7.5372653
1740,13.970304,6.4968452
1741,13.354921,5.92866
1742,13.427673,6.2511373
1743,-0.62686795,10.611993
1744,13.892747,9.924081
1745,6.6387396,7.9029465
1746,13.764408,5.8801017
1747,10.86768,5.4280863
1748,13.1695795,5.9221864
1749,4.411228,8.38706
1750,12.887064,5.9992414
1751,14.666953,11.838405
1752,-0.3594599,11.513669
1753,10.481718,5.9491286
1754,14.67711,10.405406
1755,10.189905,8.275659
1756,12.393269,5.8400598
1757,3.0171762,9.466345
1758,9.506748,9.497105
1759,0.75940967,11.012817
1760,-1.5930009,13.301064
1761,9.845056,7.7581253
1762,-1.729676,10.79173
1763,0.10680706,10.052401
1764,2.333183,9.386476
1765,0.96706563,8.649047
1766,2.4310896,10.016092
1767,11.223748,6.883342
1768,7.710442,8.172837
1769,11.994532,7.4276905
1770,14.835572,11.507935
1771,2.4745367,9.753345
1772,2.9349256,9.468914
1773,5.3709145,8.025268
1774,6.1028066,8.230778
1775,0.5660798,12.868057
1776,1.450026,10.428619
1777,1.0676194,10.043334
1778,13.417696,7.5194674
1779,11.386882,7.2280936
1780,-0.8545097,9.600875
1781,5.6933928,7.1432967
1782,-1.6970655,13.023689
1783,1.1637607,9.168187
1784,-0.81189805,10.416924
1785,-3.6430798,10.772493
1786,14.499727,9.911863
1787,6.2585297,7.519218
1788,1.9129052,8.715686
1789,-1.5773774,10.342078
1790,6.6720686,7.6871514
1791,3.24917,10.469042
1792,1.423088,9.273541
1793,-1.5489488,11.450279
1794,1.4151435,8.762309
1795,9.852526,7.88398
1796,-3.5824072,10.971785
1797,9.415729,7.5807347
1798,15.1873665,2.1491885
1799,14.477098,6.7061586
1800,-0.48908386,11.218465
1801,-1.0314682,10.096521
1802,-3.7148356,10.993783
1803,3.0895035,7.9757247
1804,1.410775,8.575697
1805,14.432611,6.0029263
1806,13.337427,7.113947
1807,13.324104,11.023709
1808,7.2338614,9.119841
1809,13.110349,6.48047
1810,13.239332,7.453357
1811,0.93320805,9.135234
1812,-3.1474946,11.518051
1813,3.0487106,10.216299
1814,-1.1398187,10.072803
1815,7.6909513,5.8303204
1816,13.413875,10.287692
1817,-1.5879769,9.561948
1818,11.118166,6.8227124
1819,-0.17289664,11.625644
1820,12.734618,9.264357
1821,-0.31106302,10.996663
1822,1.6220462,9.498872
1823,-1.2349421,10.568578
1824,-1.6849114,9.535012
1825,15.121681,11.798041
1826,0.71256745,9.6536875
1827,9.343751,10.110137
1828,-0.5103079,10.899753
1829,7.014605,8.074001
1830,13.726002,7.8871946
1831,13.053942,9.713088
1832,13.121902,6.5173545
1833,10.218014,6.2056885
1834,3.6510432,8.713333
1835,9.285503,9.583425
1836,-2.1565385,11.565913
1837,-0.5874815,11.906494
1838,1.6450878,9.178285
1839,6.328401,7.409137
1840,0.07099912,10.536301
1841,12.542892,10.058223
1842,-1.3408546,10.992295
1843,8.101807,9.545946
1844,12.815072,8.8336315
1845,1.6114354,11.073258
1846,12.503416,5.252575
1847,-1.9765878,12.467075
1848,12.110114,10.08482
1849,12.906305,11.240935
1850,11.905611,4.5979495
1851,11.28653,8.26925
1852,-2.6358695,12.718146
1853,12.84509,5.6685443
1854,4.937611,8.256599
1855,0.7375143,12.168387
1856,12.354625,6.4733305
1857,5.294671,9.830611
1858,7.0250826,10.083686
1859,5.34876,7.8045363
1860,12.77653,11.553
1861,13.345421,10.827989
1862,11.145596,5.490058
1863,13.863367,11.392362
1864,5.065349,8.086567
1865,-2.1195328,12.611149
1866,-1.814294,11.528604
1867,10.717941,7.7661405
1868,-0.946969,12.801656
1869,0.11201162,12.109758
1870,12.345414,4.4069896
1871,14.994322,2.449543
1872,10.301313,6.193623
1873,1.7782866,10.304486
1874,-3.1070395,11.064611
1875,5.947105,8.847874
1876,6.3063474,8.406835
1877,3.3162742,8.432265
1878,0.02798108,12.376936
1879,13.724864,10.073069
1880,5.8200865,7.5006604
1881,11.828009,8.119644
1882,4.219434,10.61555
1883,1.8174049,9.632174
1884,9.401858,6.367811
1885,9.125056,9.421298
1886,-1.0363599,12.298333
1887,13.361844,5.6228175
1888,10.847453,6.2610817
1889,1.5226873,10.1736965
1890,5.936799,9.059148
1891,4.1735864,9.523839
1892,11.860464,6.608648
1893,12.470306,5.270527
1894,-0.47436878,10.615096
1895,-1.2821798,11.173906
1896,1.3441447,10.609965
1897,-0.9462941,10.930747
1898,12.920223,11.464076
1899,-2.05335,12.828452
1900,5.9023285,7.465196
1901,10.955992,11.080283
1902,3.8004382,10.169078
1903,12.021073,4.3944345
1904,2.1011207,9.6529455
1905,9.57079,7.761964
1906,4.712532,10.058541
1907,-0.6382031,10.226478
1908,8.202396,8.181266
1909,-3.3751137,10.59372
1910,3.936518,8.916053
1911,11.454848,5.994838
1912,12.33924,7.77476
1913,11.583754,9.097283
1914,9.574491,6.747495
1915,1.3778278,12.458732
1916,-1.7663695,12.271605
1917,14.0387,10.606117
1918,13.402647,10.591623
1919,10.664929,7.139617
1920,2.4723642,10.663481
1921,3.9851565,9.154167
1922,0.053446915,10.537018
1923,10.374446,5.521976
1924,12.194174,9.418105
1925,4.005021,9.018852
1926,0.30515906,9.453306
1927,12.7245455,9.841255
1928,14.131098,5.146355
1929,14.726126,7.42797
1930,12.391607,7.080469
1931,12.232929,5.6851788
1932,9.358374,9.930061
1933,14.363579,10.501153
1934,9.311141,7.013508
1935,3.2988374,8.754274
1936,12.390718,10.074095
1937,0.48616815,10.011564
1938,10.610183,9.30825
1939,10.688527,7.0462418
1940,12.675056,10.658436
1941,0.6854084,10.306944
1942,7.3730464,8.385118
1943,11.447726,6.5123014
1944,-0.43779826,12.1169405
1945,8.763274,7.5845666
1946,1.1020384,10.1267395
1947,12.622422,6.2240047
1948,14.578163,6.608532
1949,13.629186,9.572377
1950,11.736275,9.147158
1951,9.565996,7.143009
1952,14.958948,12.091857
1953,9.773898,9.887087
1954,6.5926833,7.1266317
1955,12.066498,9.67759
1956,13.822158,7.6659265
1957,13.277177,6.103504
1958,4.7438107,9.181456
1959,14.302337,6.9357204
1960,9.221704,10.793225
1961,-1.9770786,11.551164
1962,12.612072,9.217078
1963,10.527878,7.636942
1964,0.4347879,11.37464
1965,4.653885,9.118203
1966,12.979533,11.533114
1967,-1.0753225,11.123591
1968,1.6842586,9.305362
1969,3.9051826,9.188133
1970,-0.7879166,9.762888
1971,-1.3918778,9.465776
1972,14.463686,6.7985797
1973,-1.4267558,10.696157
1974,13.174381,6.63928
1975,13.6338,7.125504
1976,2.223926,9.272426
1977,4.1538024,7.705083
1978,11.257269,7.0159163
1979,4.9257917,6.856494
1980,12.775953,5.885852
1981,3.145839,8.233121
1982,13.185208,6.0838346
1983,-0.0006833014,9.911202
1984,9.472953,7.8610535
1985,-0.30569902,8.978368
1986,13.68789,6.1442356
1987,1.9059228,9.008967
1988,10.410933,8.861276
1989,-0.8436213,9.865739
1990,-2.2734635,12.15482
1991,-1.366464,10.196231
1992,1.2958946,9.070643
1993,13.573229,7.9341507
1994,-2.0464628,9.449297
1995,0.2819275,9.141329
1996,0.502455,9.564299
1997,-0.73523796,9.313945
1998,9.363139,8.184289
1999,1.2699275,9.017056
2000,1.8007073,8.450756
2001,5.7721186,7.2344656
2002,-1.5127795,9.680387
2003,6.6917305,7.6844335
2004,-4.4044995,11.509657
2005,6.496305,8.892584
2006,9.785341,6.808669
2007,-0.5169149,9.897086
2008,8.195839,8.716441
2009,13.063796,5.68931
2010,14.353791,5.2018967
2011,12.034799,6.0115814
2012,5.737566,7.4450283
2013,14.351641,9.676635
2014,0.16709721,9.360806
2015,-1.4455513,9.898729
2016,5.1649914,7.3522816
2017,4.843716,7.503345
2018,13.89015,6.778495
2019,0.11645824,11.67659
2020,5.4189525,7.0960407
2021,-1.8640518,10.715513
2022,0.94944113,9.753634
2023,-2.560678,11.445941
2024,2.990839,8.372259
2025,7.855801,5.9412003
2026,7.0467906,8.986673
2027,0.83016104,9.476066
2028,5.1578,7.0012946
2029,13.133136,4.667773
2030,4.036045,9.737305
2031,13.15465,6.064483
2032,5.7843575,8.564028
2033,0.5339858,12.221987
2034,-1.6611305,13.7118635
2035,13.127252,6.062936
2036,3.9097025,10.025433
2037,12.392343,9.594734
2038,12.619764,7.135664
2039,3.1995645,9.798615
2040,10.012155,6.0822043
2041,14.159725,12.023685
2042,1.1909834,11.65735
2043,13.698284,6.023285
2044,12.436659,5.2527432
2045,8.966864,6.7929263
2046,1.7016332,10.351734
2047,10.359488,5.4805055
2048,10.891544,9.408679
2049,1.9896005,11.812187
2050,-0.20049821,11.061188
2051,8.025909,5.856024
2052,12.569699,8.063967
2053,-1.7003553,11.092062
2054,11.412626,9.347551
2055,12.688609,10.022737
2056,10.582967,6.780095
2057,12.52648,9.064629
2058,12.774311,10.403882
2059,13.255692,6.705069
2060,13.343366,5.117784
2061,14.844885,10.04921
2062,13.303295,8.256032
2063,1.7012442,10.554765
2064,12.691865,8.89211
2065,6.5508504,8.246937
2066,-1.619271,12.263821
2067,13.328899,5.7851577
2068,1.2472332,10.117299
2069,10.069698,7.018749
2070,13.933071,9.9535675
2071,15.1131315,10.774864
2072,10.948665,7.945911
2073,-3.5897877,12.0459175
2074,5.399902,8.213454
2075,-1.8488283,9.637812
2076,13.702554,8.720908
2077,-1.4333745,9.991505
2078,12.73951,9.666314
2079,2.4153154,8.532795
2080,-0.23616184,9.206644
2081,9.8449955,6.8468695
2082,13.052297,5.820684
2083,-0.6939475,8.399551
2084,3.021587,8.308001
2085,14.87998,9.40839
2086,10.805502,8.214401
2087,14.330714,6.1711593
2088,0.81351966,9.671991
2089,2.2082937,11.402823
2090,5.1645155,9.527872
2091,4.9613376,7.80987
2092,9.924346,6.5800056
2093,1.5966346,8.564763
2094,-0.077917814,9.331307
2095,14.1984415,9.930022
2096,9.997518,9.744943
2097,7.725079,5.876962
2098,6.0016294,6.9551306
2099,12.086143,7.1426787
2100,0.41113123,8.702518
2101,5.657146,7.6515737
2102,1.3630732,11.030729
2103,9.574084,9.931279
2104,3.9111702,7.758541
2105,-0.07699476,8.795265
2106,-2.4020574,9.588513
2107,10.791271,7.933593
2108,-4.023149,11.035691
2109,15.08378,2.4693716
2110,0.51698315,11.108032
2111,11.83284,7.7260346
2112,14.144741,9.368122
2113,-2.9650717,11.281535
2114,1.1307361,9.988382
2115,13.556391,7.871955
2116,13.377757,8.038829
2117,9.505567,8.362087
2118,8.877151,7.5201597
2119,14.227409,7.566925
2120,-2.44927,9.840386
2121,0.46379408,10.414425
2122,0.5944834,9.204496
2123,0.17885423,9.958187
2124,-0.9659657,12.445769
2125,15.162986,10.027555
2126,-2.2211444,9.667935
2127,14.798227,9.399402
2128,-3.2335236,10.452273
2129,10.44893,5.9682326
2130,-1.1434503,8.869766
2131,2.7614558,8.855886
2132,3.574273,8.198761
2133,13.527412,7.514286
2134,0.35655096,8.297979
2135,-0.8954902,8.611324
2136,7.068156,9.131079
2137,7.3939614,10.04442
2138,14.107025,8.3792925
2139,14.128831,7.868774
2140,-4.020847,10.643258
2141,-0.03192554,12.788063
2142,5.090545,6.990066
2143,14.378344,9.045095
2144,14.832895,9.294729
2145,12.454886,7.922893
2146,0.6745066,8.235385
2147,-2.3185225,9.726433
2148,14.4232645,8.375611
2149,9.210419,10.789203
2150,2.4550648,8.872801
2151,-0.59628063,8.817136
2152,12.273442,7.1403017
2153,14.568018,9.136034
2154,5.2688146,6.985253
2155,-0.87421703,11.173824
2156,-1.265151,13.359787
2157,-0.31877908,8.41444
2158,4.1930366,7.3325796
2159,3.9064548,7.4256506
2160,4.9676056,7.189546
2161,10.090022,8.539352
2162,7.934976,8.759709
2163,7.633211,8.08576
2164,2.1531444,10.657021
2165,-0.35135162,8.789809
2166,3.485871,8.260806
2167,-0.72112596,8.500554
2168,14.226629,7.8201547
2169,-0.12656415,8.3935995
2170,4.4675617,8.479407
2171,-1.373663,11.912307
2172,8.433049,8.5927515
2173,-0.15857491,8.393729
2174,12.45542,7.3499913
2175,15.054302,9.438331
2176,11.263503,10.765974
2177,11.743063,5.481997
2178,3.8239608,7.672684
2179,14.335508,7.4251566
2180,11.810955,6.879018
2181,0.5201756,8.288987
2182,-1.0480247,8.679665
2183,4.7988653,8.919418
2184,10.553774,6.502366
2185,0.7017553,8.67731
2186,12.720789,7.9120207
2187,10.136752,7.395358
2188,11.166075,8.217704
2189,14.94616,9.695404
2190,-0.94339275,9.340276
2191,7.4334784,10.147217
2192,-0.0535868,9.49602
2193,14.456311,10.718356
2194,4.9765754,7.1494823
2195,12.881953,8.181519
2196,9.731322,8.921766
2197,8.734455,9.215026
2198,6.432307,7.7841635
2199,9.209626,8.059438
2200,13.747883,7.3347063
2201,-1.8352878,13.504765
2202,13.238456,11.587315
2203,-1.1439086,13.675271
2204,9.228748,7.385959
2205,-1.3366377,11.083946
2206,7.1967044,8.163098
2207,-0.36155927,11.716726
2208,13.355832,6.3837347
2209,14.380768,10.020177
2210,11.3639,5.7673626
2211,-2.264517,12.51678
2212,13.497255,9.466112
2213,5.9235363,7.6115866
2214,3.8748746,8.696999
2215,1.9071062,9.480238
2216,12.180568,4.824064
2217,10.535634,7.218934
2218,9.29865,6.8553476
2219,11.366541,5.8100686
2220,12.809412,5.40759
2221,7.532899,7.1835656
2222,2.1884704,8.729305
2223,11.278281,8.482812
2224,14.162622,11.189109
2225,14.2533655,7.4415927
2226,10.523416,6.8203444
2227,14.081075,8.109731
2228,2.019382,8.581666
2229,2.6880915,8.030768
2230,7.056823,9.788744
2231,11.588767,6.213813
2232,5.229656,7.727712
2233,14.038322,7.8503604
2234,13.602749,5.1296887
2235,-0.6488239,8.83545
2236,4.177069,7.7212234
2237,-1.4796247,9.058304
2238,11.367073,8.314062
2239,6.926424,8.382705
2240,15.143803,10.168607
2241,14.719811,6.4629397
2242,2.8862462,8.063044
2243,14.25408,9.893465
2244,7.0237975,6.7337794
2245,9.675998,8.542478
2246,8.406552,8.983445
2247,10.045674,7.257937
2248,12.059116,6.7407637
2249,-4.014776,10.716911
2250,14.690474,9.325014
2251,5.753602,8.082306
2252,12.792133,6.642785
2253,-1.498732,9.646538
2254,12.660437,8.143739
2255,10.381698,6.5243154
2256,11.161636,8.835137
2257,14.711463,9.058962
2258,6.6885977,8.55211
2259,4.228832,9.089933
2260,-0.7647476,11.954615
2261,13.24487,9.509141
2262,-1.4824537,9.414641
2263,7.8509507,8.538707
2264,9.299754,8.2199135
2265,-4.127337,11.281446
2266,1.3469266,10.030226
2267,1.3511261,8.365915
2268,-0.6240855,8.442942
2269,7.1591043,10.428538
2270,-2.2246685,10.159884
2271,14.476819,11.636933
2272,1.6946232,8.685135
2273,8.603676,8.697434
2274,13.040096,6.149594
2275,14.745901,9.823123
2276,13.960644,7.371785
2277,-0.95507425,9.657616
2278,3.006411,7.9543324
2279,14.125887,6.950039
2280,5.762973,6.8746247
2281,13.610205,9.779281
2282,1.2307937,9.107237
2283,4.1209097,8.94677
2284,3.6122546,8.441278
2285,-0.29871637,10.259963
2286,-0.20062979,11.455093
2287,13.655525,11.532424
2288,5.9881773,7.670361
2289,-0.00754355,12.205411
2290,14.245553,6.01077
2291,14.795088,11.383851
2292,4.4009714,9.690921
2293,5.143629,8.051139
2294,4.472892,9.2397175
2295,4.911179,7.853177
2296,9.78695,8.315606
2297,-0.17624578,11.3105755
2298,12.888478,6.9343505
2299,12.901503,9.917522
2300,11.015631,7.2900105
2301,-0.7713284,12.133087
2302,4.048198,8.969716
2303,7.0885596,7.964387
2304,13.37998,7.161771
2305,-2.0873103,9.908374
2306,9.450613,6.3538036
2307,3.4593208,10.499634
2308,13.16619,10.270648
2309,10.865847,7.048346
2310,2.1197832,8.263171
2311,14.756751,9.487496
2312,-3.6831872,11.011939
2313,9.667186,7.5212364
2314,11.782047,9.273851
2315,0.8515622,10.744732
2316,13.411967,7.591168
2317,13.69565,7.5652566
2318,13.805638,7.994616
2319,14.26707,7.8600054
2320,9.396235,8.399526
2321,1.1018955,10.391026
2322,12.461014,4.337691
2323,6.8283978,8.093848
2324,13.728675,8.506012
2325,3.005151,8.230195
2326,3.9196005,7.709329
2327,13.387487,7.886192
2328,0.8493893,8.585389
2329,-1.5505828,12.731661
2330,-0.49819097,8.229812
2331,-0.4923757,8.288727
2332,14.096106,8.50069
2333,0.41030532,8.446229
2334,3.4488087,8.81713
2335,10.034142,8.3827915
2336,9.215527,7.2946033
2337,11.29134,8.083531
2338,9.789749,6.472232
2339,14.439039,8.526315
2340,10.828596,6.2423043
2341,10.613372,5.6736274
2342,12.529186,6.4271154
2343,15.015216,10.586188
2344,1.220304,8.161896
2345,14.6199045,9.066141
2346,-1.598851,9.10418
2347,14.074602,5.007455
2348,15.193598,2.1676593
2349,12.797572,7.862998
2350,14.911522,3.0173535
2351,12.349575,8.298182
2352,14.051058,4.6845884
2353,-2.1857958,10.409181
2354,-2.126807,12.217906
2355,14.204369,9.375859
2356,0.97058934,8.965007
2357,-1.8876382,10.839021
2358,13.984724,7.0679398
2359,1.5004872,8.304733
2360,0.70446855,8.388113
2361,6.2138643,7.3102255
2362,9.029285,7.568789
2363,-0.8442426,9.785833
2364,9.18411,6.5774307
2365,6.839506,8.131441
2366,4.481327,8.214117
2367,13.842668,7.2704997
2368,1.6330668,9.116401
2369,1.4034889,9.059015
2370,12.490333,11.107122
2371,11.874524,7.075388
2372,7.180242,10.414815
2373,12.9394655,5.7878714
2374,13.110924,11.419258
2375,3.2050912,9.384834
2376,13.312356,7.100436
2377,11.6403475,8.165282
2378,4.6478825,8.559054
2379,1.2302177,11.937337
2380,13.034296,4.561036
2381,0.7890224,10.829198
2382,9.686328,7.3692656
2383,-1.1389332,13.41888
2384,7.0552278,10.187505
2385,7.3551025,10.971895
2386,12.804959,10.847669
2387,-2.06229,10.289133
2388,9.207146,9.792518
2389,3.3283339,10.740411
2390,13.905914,11.94062
2391,12.586746,9.846974
2392,10.083421,7.3217793
2393,-0.8319866,12.027647
2394,10.196953,6.919964
2395,13.744581,10.183256
2396,13.451138,11.545211
2397,2.2826378,10.908675
2398,2.357627,11.713613
2399,12.876852,6.782178
2400,1.5558157,12.168371
2401,14.403228,11.85019
2402,3.7906275,9.116718
2403,3.4033952,9.557795
2404,9.949604,7.7781186
2405,11.102551,7.710173
2406,14.907559,2.4415836
2407,12.266854,4.6785207
2408,6.6842628,9.48775
2409,0.3360251,10.338948
2410,13.651981,6.589751
2411,11.500342,8.2683735
2412,6.3343244,9.782024
2413,6.720224,9.952764
2414,12.660829,11.004949
2415,13.895421,6.3927937
2416,13.196594,9.628004
2417,7.502373,6.8434167
2418,5.959791,8.146029
2419,3.0205486,9.6557455
2420,12.317751,10.580858
2421,5.075274,9.919982
2422,12.620539,10.754041
2423,12.718492,11.668577
2424,2.6514633,9.766581
2425,9.197004,8.120562
2426,-2.3234215,11.060974
2427,12.468318,4.4474583
2428,3.9488842,7.34014
2429,1.4301562,11.892067
2430,12.170376,9.762127
2431,9.125752,7.6241765
2432,14.212017,11.192364
2433,14.553599,11.387328
2434,5.678635,8.15151
2435,12.038554,4.81224
2436,7.821205,6.1080327
2437,13.577394,12.0076
2438,4.798792,8.923972
2439,-2.6332326,10.89838
2440,13.463738,11.333198
2441,-0.3583815,11.913192
2442,10.605219,8.842961
2443,5.431068,8.542073
2444,12.243252,7.2644453
2445,10.168147,8.6423645
2446,9.338689,6.511862
2447,10.171764,7.2217216
2448,12.466354,7.5937114
2449,-1.996252,10.689123
2450,5.2987723,7.9158096
2451,9.906193,5.8064694
2452,6.17083,8.646376
2453,5.216546,6.848769
2454,12.146331,7.7530274
2455,-1.8742603,11.825439
2456,-1.3211998,11.400456
2457,7.063706,8.677017
2458,2.1521957,9.584192
2459,11.525087,5.018193
2460,13.582307,4.8476143
2461,13.650465,7.320504
2462,-1.9664942,12.748743
2463,13.194223,4.8652606
2464,0.83215123,10.854799
2465,-0.4884617,12.99862
2466,-1.926472,12.5984335
2467,13.321514,11.347173
2468,4.2158475,8.194688
2469,-4.087352,11.6009445
2470,14.093039,11.655254
2471,-1.3457924,11.555944
2472,11.66852,7.6167803
2473,6.9527807,9.976458
2474,9.653299,7.976686
2475,7.709835,6.0464926
2476,15.039522,2.6379151
2477,6.4773684,9.667221
2478,9.318352,10.517808
2479,11.059378,5.4564047
2480,10.259997,7.623305
2481,11.116731,9.586414
2482,0.14527413,12.572897
2483,4.865098,8.788015
2484,13.631451,12.019383
2485,10.747785,6.738181
2486,14.018039,10.105926
2487,4.996362,7.8413596
2488,10.577899,8.602899
2489,13.384903,6.7011237
2490,12.460002,10.1894865
2491,14.199984,11.451368
2492,1.2830045,12.176719
2493,5.690837,8.075941
2494,13.942532,6.240091
2495,13.267189,6.1909065
2496,0.6403567,12.717575
2497,-3.2137403,12.324052
2498,12.7382,7.6612372
2499,14.136352,10.926473
2500,10.39353,8.214477
2501,13.542394,8.884031
2502,1.2987717,10.755881
2503,9.080835,8.7669525
2504,12.484424,9.3980465
2505,9.669366,5.918997
2506,9.5619955,6.6957455
2507,10.332139,6.9786286
2508,9.388074,6.7196736
2509,3.7590306,8.284899
2510,-1.1126997,11.204559
2511,6.239423,8.023061
2512,14.099696,5.6378894
2513,4.5292487,9.19347
2514,5.8309565,8.008977
2515,9.115296,6.970413
2516,5.327407,8.786905
2517,10.120512,7.81124
2518,1.1550872,10.632447
2519,1.0234048,11.796377
2520,8.334994,7.9301233
2521,5.2721386,8.618059
2522,7.481176,6.7770715
2523,6.9154058,9.903667
2524,1.8162478,9.819882
2525,13.312376,6.530128
2526,14.016491,12.022029
2527,11.840906,7.15087
2528,9.642261,8.156737
2529,10.095466,7.381419
2530,12.738601,5.951867
2531,5.871451,7.635147
2532,13.580863,9.247854
2533,9.707266,7.2094026
2534,13.137792,9.26629
2535,13.177361,11.323813
2536,11.932335,9.894743
2537,3.9274883,10.336725
2538,12.135484,5.095438
2539,9.389208,8.331285
2540,6.230384,8.326557
2541,12.123922,9.53108
2542,4.267889,8.8090925
2543,-3.44795,11.134265
2544,7.0838666,8.4441805
2545,5.550322,7.3626394
2546,2.2261505,10.125163
2547,6.798166,8.922135
2548,12.437557,5.4700413
2549,5.872038,7.6332397
2550,2.6292875,9.628168
2551,6.5558777,10.002878
2552,-2.769781,10.915124
2553,-1.1840276,11.830704
2554,1.8088444,10.831388
2555,14.43286,7.323658
2556,13.930857,12.085379
2557,10.900451,5.4783034
2558,-1.3628871,12.638877
2559,-0.44806737,11.10852
2560,4.5483747,8.917349
2561,11.387667,7.301584
2562,1.9599078,10.698851
2563,5.9196315,7.995994
2564,8.438409,8.019212
2565,4.7735367,8.70146
2566,14.703242,12.292104
2567,0.029739762,11.442953
2568,2.3460116,9.057781
2569,4.546234,7.948707
2570,9.018653,7.897516
2571,6.3036675,10.168713
2572,13.308345,11.402716
2573,11.898939,5.9032016
2574,10.608393,8.348588
2575,14.751435,11.239642
2576,13.06471,11.06823
2577,-2.0534048,10.639191
2578,12.719517,6.805251
2579,13.147539,5.9441986
2580,6.281923,9.277554
2581,-2.141974,10.777517
2582,0.07641319,11.501788
2583,8.9983015,9.616198
2584,14.325161,10.815528
2585,12.736908,4.8658476
2586,4.543875,7.50925
2587,13.458907,5.6912465
2588,9.668756,5.940161
2589,13.919832,5.747972
2590,14.411511,4.563425
2591,0.89073575,9.338351
2592,5.8622165,8.561839
2593,12.084868,10.850493
2594,13.412163,9.32637
2595,12.452555,8.334308
2596,11.377673,5.528363
2597,14.021628,6.47399
2598,4.2350626,8.6702385
2599,13.119881,5.0859547
2600,7.9932446,8.13692
2601,1.0625429,10.270405
2602,5.1797194,7.8551307
2603,5.658524,7.4355483
2604,9.6185465,7.6485095
2605,10.147752,6.475001
2606,3.6887352,8.59394
2607,13.343018,10.113156
2608,14.391251,10.429417
2609,5.6192307,7.857027
2610,1.1189358,10.642378
2611,7.1945972,10.240847
2612,4.9211655,7.379255
2613,10.965718,8.419893
2614,11.176484,7.366298
2615,2.8396082,9.389719
2616,9.621503,7.1196847
2617,6.307063,9.498298
2618,10.132616,7.5007176
2619,-0.33451656,9.049642
2620,15.19615,2.0729363
2621,14.267414,11.0081005
2622,11.723621,10.138988
2623,2.9444811,9.002415
2624,9.235105,6.450763
2625,3.7656236,9.555551
2626,-0.5809745,11.574819
2627,10.439702,5.6901116
2628,13.787799,11.435912
2629,15.085184,11.907563
2630,4.4939013,7.579856
2631,8.04908,5.835472
2632,9.624257,6.5221267
2633,13.1332035,11.493625
2634,12.601936,5.878227
2635,4.329509,8.255349
2636,6.597028,7.842914
2637,1.7665635,10.840424
2638,5.8394723,9.103652
2639,3.8975358,10.281888
2640,8.061223,5.6935387
2641,12.488614,8.768259
2642,13.674073,5.733846
2643,10.366046,8.1873865
2644,-0.6457488,10.879434
2645,-3.532699,11.420481
2646,13.307665,8.250262
2647,6.5914164,7.9252543
2648,6.644315,8.10363
2649,6.8138804,7.64651
2650,10.357048,7.5129924
2651,11.187931,6.005886
2652,1.086412,9.9644575
2653,5.794324,7.0112963
2654,12.78733,11.539031
2655,14.084831,4.631264
2656,13.608206,7.8839445
2657,4.9519024,9.046612
2658,11.449667,7.034631
2659,5.764397,7.123329
2660,13.548559,10.1094675
2661,6.5951443,10.300083
2662,9.504749,5.646677
2663,2.7078242,9.261269
2664,11.791523,8.6487875
2665,-1.2100245,9.174836
2666,11.937227,6.553404
2667,13.925215,11.234911
2668,12.040889,8.540951
2669,3.4991713,9.565545
2670,5.269297,7.473133
2671,10.364935,6.7221055
2672,5.6753626,7.0811973
2673,11.223294,7.183165
2674,4.8941493,7.533405
2675,10.694107,9.675814
2676,-0.5924306,12.677143
2677,12.988808,6.525299
2678,13.833375,5.3899097
2679,14.453555,11.193985
2680,10.593926,6.116193
2681,14.9723215,10.483641
2682,13.545745,6.809806
2683,3.460862,8.581639
2684,-2.0342398,11.274427
2685,10.872517,7.89897
2686,14.841621,11.710108
2687,6.630468,8.73119
2688,15.0513525,2.304248
2689,10.819676,6.364208
2690,9.757582,7.784964
2691,3.6258981,9.842509
2692,13.2782135,8.846827
2693,13.312589,5.6866055
2694,9.179799,6.715216
2695,12.128976,8.698302
2696,10.308087,7.9203515
2697,13.530942,6.735749
2698,13.768236,10.52144
2699,13.693152,9.781792
2700,9.701858,7.8119774
2701,14.196745,11.985083
2702,14.553773,11.216817
2703,4.0177307,8.402785
2704,0.0071851583,10.085387
2705,12.602094,6.863223
2706,5.132677,7.1777906
2707,6.2444386,7.7007117
2708,7.594244,5.98055
2709,4.5158987,7.4379125
2710,13.405587,5.8330417
2711,-0.8791598,9.543515
2712,15.135104,2.3389592
2713,6.101268,7.2478843
2714,11.94044,9.164065
2715,0.65541965,9.422749
2716,13.457025,6.140791
2717,13.940171,5.274694
2718,6.816835,10.446191
2719,11.783748,9.423037
2720,5.9486256,9.878155
2721,9.827179,8.3902025
2722,9.894123,6.144372
2723,11.509724,9.6429825
2724,14.923383,11.904554
2725,0.4813805,9.908498
2726,13.371266,4.5081997
2727,7.156504,8.068523
2728,12.744763,10.238274
2729,0.18722084,11.969606
